GameID,Season,Day,HomeTeam,AwayTeam,HomeTeamScore,AwayTeamScore
20414,2024,2024-03-03T00:00:00,DAL,PHI,174,180
20415,2024,2024-03-03T00:00:00,BOS,GS,210,132
20416,2024,2024-03-03T00:00:00,MIN,LAC,132,133
20417,2024,2024-03-03T00:00:00,ORL,DET,169,136
20418,2024,2024-03-03T00:00:00,TOR,CHA,166,159
20419,2024,2024-03-03T00:00:00,CLE,NY,144,151
20420,2024,2024-03-03T00:00:00,SA,IND,145,132
20409,2024,2024-03-02T00:00:00,BKN,ATL,158,141
20410,2024,2024-03-02T00:00:00,MIA,UTA,174,166
20411,2024,2024-03-02T00:00:00,MEM,POR,138,148
20412,2024,2024-03-02T00:00:00,LAL,DEN,158,172
20413,2024,2024-03-02T00:00:00,PHO,HOU,151,163
20400,2024,2024-03-01T00:00:00,DET,CLE,148,162
20401,2024,2024-03-01T00:00:00,PHI,CHA,179,168
20402,2024,2024-03-01T00:00:00,BOS,DAL,204,162
20403,2024,2024-03-01T00:00:00,TOR,GS,155,177
20404,2024,2024-03-01T00:00:00,MEM,POR,136,180
20405,2024,2024-03-01T00:00:00,MIN,SAC,177,183
20406,2024,2024-03-01T00:00:00,NO,IND,190,151
20407,2024,2024-03-01T00:00:00,CHI,MIL,143,167
20408,2024,2024-03-01T00:00:00,LAC,WAS,207,170
20392,2024,2024-02-29T00:00:00,CHA,MIL,120,134
20393,2024,2024-02-29T00:00:00,ORL,UTA,139,129
20394,2024,2024-02-29T00:00:00,BKN,ATL,150,117
20395,2024,2024-02-29T00:00:00,NY,GS,120,133
20396,2024,2024-02-29T00:00:00,SA,OKC,160,143
20397,2024,2024-02-29T00:00:00,PHO,HOU,133,127
20398,2024,2024-02-29T00:00:00,DEN,MIA,125,117
20399,2024,2024-02-29T00:00:00,LAL,WAS,162,158
20386,2024,2024-02-28T00:00:00,IND,NO,167,154
20387,2024,2024-02-28T00:00:00,TOR,DAL,169,184
20388,2024,2024-02-28T00:00:00,MIN,MEM,149,137
20389,2024,2024-02-28T00:00:00,CHI,CLE,179,167
20390,2024,2024-02-28T00:00:00,DEN,SAC,158,130
20391,2024,2024-02-28T00:00:00,LAC,LAL,152,157
20375,2024,2024-02-27T00:00:00,CLE,DAL,93,91
20376,2024,2024-02-27T00:00:00,ORL,BKN,83,62
20377,2024,2024-02-27T00:00:00,WAS,GS,86,94
20378,2024,2024-02-27T00:00:00,ATL,UTA,95,74
20379,2024,2024-02-27T00:00:00,BOS,PHI,90,76
20380,2024,2024-02-27T00:00:00,NY,NO,70,88
20381,2024,2024-02-27T00:00:00,MIN,SA,87,80
20382,2024,2024-02-27T00:00:00,CHI,DET,73,80
20383,2024,2024-02-27T00:00:00,MIL,CHA,94,65
20384,2024,2024-02-27T00:00:00,OKC,HOU,86,73
20385,2024,2024-02-27T00:00:00,POR,MIA,73,81
20372,2024,2024-02-26T00:00:00,IND,TOR,107,114
20373,2024,2024-02-26T00:00:00,MEM,BKN,76,98
20374,2024,2024-02-26T00:00:00,SAC,MIA,97,106
20846,2024,2024-02-26T00:00:00,NY,DET,99,98
20360,2024,2024-02-25T00:00:00,PHI,MIL,165,200
20361,2024,2024-02-25T00:00:00,PHO,LAL,207,190
20362,2024,2024-02-25T00:00:00,IND,DAL,224,187
20363,2024,2024-02-25T00:00:00,WAS,CLE,177,192
20364,2024,2024-02-25T00:00:00,ATL,ORL,183,155
20365,2024,2024-02-25T00:00:00,HOU,OKC,185,207
20366,2024,2024-02-25T00:00:00,NO,CHI,178,192
20367,2024,2024-02-25T00:00:00,GS,DEN,173,200
20368,2024,2024-02-25T00:00:00,UTA,SA,215,183
20369,2024,2024-02-25T00:00:00,POR,CHA,135,157
20370,2024,2024-02-25T00:00:00,LAC,SAC,180,207
20357,2024,2024-02-24T00:00:00,DET,ORL,128,132
20358,2024,2024-02-24T00:00:00,MIN,BKN,119,101
20359,2024,2024-02-24T00:00:00,NY,BOS,120,137
20347,2024,2024-02-23T00:00:00,ATL,TOR,168,170
20348,2024,2024-02-23T00:00:00,PHI,CLE,144,134
20349,2024,2024-02-23T00:00:00,HOU,PHO,158,152
20350,2024,2024-02-23T00:00:00,MEM,LAC,132,140
20351,2024,2024-02-23T00:00:00,MIN,MIL,148,155
20352,2024,2024-02-23T00:00:00,OKC,WAS,204,147
20353,2024,2024-02-23T00:00:00,NO,MIA,132,147
20354,2024,2024-02-23T00:00:00,GS,CHA,134,116
20355,2024,2024-02-23T00:00:00,POR,DEN,155,176
20356,2024,2024-02-23T00:00:00,LAL,SA,170,164
20335,2024,2024-02-22T00:00:00,CLE,ORL,139,147
20336,2024,2024-02-22T00:00:00,IND,DET,164,146
20337,2024,2024-02-22T00:00:00,PHI,NY,122,140
20338,2024,2024-02-22T00:00:00,TOR,BKN,154,118
20339,2024,2024-02-22T00:00:00,DAL,PHO,156,144
20340,2024,2024-02-22T00:00:00,CHI,BOS,142,164
20341,2024,2024-02-22T00:00:00,NO,HOU,161,133
20342,2024,2024-02-22T00:00:00,OKC,LAC,164,136
20343,2024,2024-02-22T00:00:00,DEN,WAS,165,140
20344,2024,2024-02-22T00:00:00,UTA,CHA,136,146
20345,2024,2024-02-22T00:00:00,GS,LAL,163,140
20346,2024,2024-02-22T00:00:00,SAC,SA,161,155
20333,2024,2024-02-15T00:00:00,MEM,MIL,102,99
20334,2024,2024-02-15T00:00:00,POR,MIN,82,115
20845,2024,2024-02-15T00:00:00,UTA,GS,123,126
20320,2024,2024-02-14T00:00:00,CHA,ATL,56,46
20321,2024,2024-02-14T00:00:00,ORL,NY,54,46
20322,2024,2024-02-14T00:00:00,PHI,MIA,48,50
20323,2024,2024-02-14T00:00:00,BOS,BKN,63,40
20324,2024,2024-02-14T00:00:00,CLE,CHI,50,48
20325,2024,2024-02-14T00:00:00,TOR,IND,58,59
20326,2024,2024-02-14T00:00:00,MEM,HOU,56,52
20327,2024,2024-02-14T00:00:00,NO,WAS,61,58
20328,2024,2024-02-14T00:00:00,DAL,SA,53,43
20329,2024,2024-02-14T00:00:00,DEN,SAC,45,47
20330,2024,2024-02-14T00:00:00,PHO,DET,53,46
20331,2024,2024-02-14T00:00:00,UTA,LAL,56,64
20332,2024,2024-02-14T00:00:00,GS,LAC,58,60
20314,2024,2024-02-13T00:00:00,BKN,BOS,66,71
20315,2024,2024-02-13T00:00:00,ORL,OKC,68,76
20316,2024,2024-02-13T00:00:00,MIL,MIA,58,74
20317,2024,2024-02-13T00:00:00,PHO,SAC,78,75
20318,2024,2024-02-13T00:00:00,POR,MIN,66,73
20319,2024,2024-02-13T00:00:00,LAL,DET,75,67
20304,2024,2024-02-12T00:00:00,CHA,IND,54,50
20305,2024,2024-02-12T00:00:00,CLE,PHI,59,60
20306,2024,2024-02-12T00:00:00,ATL,CHI,61,66
20307,2024,2024-02-12T00:00:00,TOR,SA,48,60
20308,2024,2024-02-12T00:00:00,HOU,NY,51,50
20309,2024,2024-02-12T00:00:00,MEM,NO,42,47
20310,2024,2024-02-12T00:00:00,MIL,DEN,55,46
20311,2024,2024-02-12T00:00:00,DAL,WAS,55,51
20312,2024,2024-02-12T00:00:00,UTA,GS,52,63
20313,2024,2024-02-12T00:00:00,LAC,MIN,49,59
20302,2024,2024-02-11T00:00:00,MIA,BOS,92,96
20303,2024,2024-02-11T00:00:00,OKC,SAC,111,99
20291,2024,2024-02-10T00:00:00,DAL,OKC,247,188
20292,2024,2024-02-10T00:00:00,LAC,DET,189,179
20293,2024,2024-02-10T00:00:00,BKN,SA,208,174
20294,2024,2024-02-10T00:00:00,CHA,MEM,194,179
20295,2024,2024-02-10T00:00:00,ORL,CHI,193,183
20296,2024,2024-02-10T00:00:00,WAS,PHI,191,201
20297,2024,2024-02-10T00:00:00,ATL,HOU,206,191
20298,2024,2024-02-10T00:00:00,NY,IND,188,211
20299,2024,2024-02-10T00:00:00,TOR,CLE,161,201
20300,2024,2024-02-10T00:00:00,GS,PHO,191,189
20301,2024,2024-02-10T00:00:00,POR,NO,142,157
20285,2024,2024-02-09T00:00:00,PHI,ATL,154,162
20286,2024,2024-02-09T00:00:00,BOS,WAS,170,165
20287,2024,2024-02-09T00:00:00,TOR,HOU,137,133
20288,2024,2024-02-09T00:00:00,MIL,CHA,153,107
20289,2024,2024-02-09T00:00:00,SAC,DEN,172,135
20290,2024,2024-02-09T00:00:00,LAL,NO,177,156
20276,2024,2024-02-08T00:00:00,IND,GS,140,169
20277,2024,2024-02-08T00:00:00,ORL,SA,163,143
20278,2024,2024-02-08T00:00:00,BKN,CLE,122,152
20279,2024,2024-02-08T00:00:00,NY,DAL,139,157
20280,2024,2024-02-08T00:00:00,MEM,CHI,142,152
20281,2024,2024-02-08T00:00:00,MIL,MIN,135,166
20282,2024,2024-02-08T00:00:00,PHO,UTA,166,148
20283,2024,2024-02-08T00:00:00,LAL,DEN,136,147
20284,2024,2024-02-08T00:00:00,POR,DET,157,165
20269,2024,2024-02-07T00:00:00,CHA,TOR,97,102
20270,2024,2024-02-07T00:00:00,PHI,GS,87,106
20271,2024,2024-02-07T00:00:00,WAS,CLE,88,95
20272,2024,2024-02-07T00:00:00,BOS,ATL,104,97
20273,2024,2024-02-07T00:00:00,MIA,SA,97,87
20274,2024,2024-02-07T00:00:00,LAC,NO,88,97
20275,2024,2024-02-07T00:00:00,SAC,DET,100,111
20262,2024,2024-02-06T00:00:00,IND,HOU,125,122
20263,2024,2024-02-06T00:00:00,BKN,DAL,101,113
20264,2024,2024-02-06T00:00:00,MIA,ORL,115,90
20265,2024,2024-02-06T00:00:00,NY,MEM,116,107
20266,2024,2024-02-06T00:00:00,CHI,MIN,122,116
20267,2024,2024-02-06T00:00:00,UTA,OKC,117,111
20268,2024,2024-02-06T00:00:00,PHO,MIL,108,100
20256,2024,2024-02-05T00:00:00,CHA,LAL,191,200
20257,2024,2024-02-05T00:00:00,CLE,SAC,220,178
20258,2024,2024-02-05T00:00:00,PHI,DAL,165,191
20259,2024,2024-02-05T00:00:00,ATL,LAC,233,241
20260,2024,2024-02-05T00:00:00,BKN,GS,158,176
20261,2024,2024-02-05T00:00:00,NO,TOR,223,162
20247,2024,2024-02-04T00:00:00,DET,ORL,123,138
20248,2024,2024-02-04T00:00:00,WAS,PHO,139,174
20249,2024,2024-02-04T00:00:00,BOS,MEM,163,113
20250,2024,2024-02-04T00:00:00,CHA,IND,123,143
20251,2024,2024-02-04T00:00:00,MIA,LAC,118,128
20252,2024,2024-02-04T00:00:00,MIN,HOU,138,112
20253,2024,2024-02-04T00:00:00,OKC,TOR,168,158
20254,2024,2024-02-04T00:00:00,UTA,MIL,153,134
20255,2024,2024-02-04T00:00:00,DEN,POR,139,128
20241,2024,2024-02-03T00:00:00,PHI,BKN,160,179
20242,2024,2024-02-03T00:00:00,ATL,GS,186,177
20243,2024,2024-02-03T00:00:00,CHI,SAC,152,162
20244,2024,2024-02-03T00:00:00,NY,LAL,138,149
20245,2024,2024-02-03T00:00:00,DAL,MIL,154,170
20246,2024,2024-02-03T00:00:00,SA,CLE,133,154
20231,2024,2024-02-02T00:00:00,DET,LAC,150,164
20232,2024,2024-02-02T00:00:00,WAS,MIA,123,132
20233,2024,2024-02-02T00:00:00,ATL,PHO,155,144
20234,2024,2024-02-02T00:00:00,IND,SAC,147,160
20235,2024,2024-02-02T00:00:00,HOU,TOR,163,128
20236,2024,2024-02-02T00:00:00,MEM,GS,122,146
20237,2024,2024-02-02T00:00:00,MIN,ORL,128,130
20238,2024,2024-02-02T00:00:00,OKC,CHA,152,128
20239,2024,2024-02-02T00:00:00,SA,NO,136,137
20240,2024,2024-02-02T00:00:00,DEN,POR,144,130
20227,2024,2024-02-01T00:00:00,BOS,LAL,174,189
20228,2024,2024-02-01T00:00:00,NY,IND,181,174
20229,2024,2024-02-01T00:00:00,UTA,PHI,205,210
20230,2024,2024-02-01T00:00:00,MEM,CLE,167,179
20217,2024,2024-01-31T00:00:00,CHA,CHI,123,131
20218,2024,2024-01-31T00:00:00,CLE,DET,143,135
20219,2024,2024-01-31T00:00:00,WAS,LAC,122,140
20220,2024,2024-01-31T00:00:00,BKN,PHO,134,152
20221,2024,2024-01-31T00:00:00,MIA,SAC,129,119
20222,2024,2024-01-31T00:00:00,HOU,NO,111,123
20223,2024,2024-01-31T00:00:00,MIN,DAL,135,97
20224,2024,2024-01-31T00:00:00,SA,ORL,110,121
20225,2024,2024-01-31T00:00:00,OKC,DEN,117,112
20226,2024,2024-01-31T00:00:00,POR,MIL,133,130
20212,2024,2024-01-30T00:00:00,ATL,LAL,199,176
20213,2024,2024-01-30T00:00:00,BOS,IND,186,179
20214,2024,2024-01-30T00:00:00,NY,UTA,171,149
20215,2024,2024-01-30T00:00:00,CHI,TOR,155,171
20216,2024,2024-01-30T00:00:00,GS,PHI,172,155
20200,2024,2024-01-29T00:00:00,CHA,NY,140,172
20201,2024,2024-01-29T00:00:00,CLE,LAC,179,164
20202,2024,2024-01-29T00:00:00,BOS,NO,179,170
20203,2024,2024-01-29T00:00:00,BKN,UTA,224,173
20204,2024,2024-01-29T00:00:00,MIA,PHO,160,179
20205,2024,2024-01-29T00:00:00,HOU,LAL,205,181
20206,2024,2024-01-29T00:00:00,MEM,SAC,143,157
20207,2024,2024-01-29T00:00:00,OKC,MIN,154,163
20208,2024,2024-01-29T00:00:00,SA,WAS,172,179
20209,2024,2024-01-29T00:00:00,DAL,ORL,199,196
20210,2024,2024-01-29T00:00:00,DEN,MIL,172,163
20211,2024,2024-01-29T00:00:00,POR,PHI,198,158
20195,2024,2024-01-28T00:00:00,IND,MEM,121,115
20196,2024,2024-01-28T00:00:00,ATL,TOR,131,130
20197,2024,2024-01-28T00:00:00,DET,OKC,125,108
20198,2024,2024-01-28T00:00:00,ORL,PHO,118,102
20199,2024,2024-01-28T00:00:00,POR,CHI,100,108
20185,2024,2024-01-27T00:00:00,DET,WAS,73,82
20186,2024,2024-01-27T00:00:00,NY,MIA,87,76
20187,2024,2024-01-27T00:00:00,DEN,PHI,77,73
20188,2024,2024-01-27T00:00:00,BKN,HOU,74,73
20189,2024,2024-01-27T00:00:00,BOS,LAC,67,80
20190,2024,2024-01-27T00:00:00,CHA,UTA,85,94
20191,2024,2024-01-27T00:00:00,MIL,NO,98,82
20192,2024,2024-01-27T00:00:00,SA,MIN,79,78
20193,2024,2024-01-27T00:00:00,GS,LAL,101,101
20194,2024,2024-01-27T00:00:00,DAL,SAC,80,84
20177,2024,2024-01-26T00:00:00,ATL,DAL,116,120
20178,2024,2024-01-26T00:00:00,CHA,HOU,85,112
20179,2024,2024-01-26T00:00:00,IND,PHO,108,107
20180,2024,2024-01-26T00:00:00,TOR,LAC,87,103
20181,2024,2024-01-26T00:00:00,MEM,ORL,87,86
20182,2024,2024-01-26T00:00:00,MIL,CLE,81,91
20183,2024,2024-01-26T00:00:00,NO,OKC,67,87
20184,2024,2024-01-26T00:00:00,SA,POR,94,81
20170,2024,2024-01-25T00:00:00,IND,PHI,34,30
20171,2024,2024-01-25T00:00:00,WAS,UTA,27,31
20172,2024,2024-01-25T00:00:00,BKN,MIN,24,24
20173,2024,2024-01-25T00:00:00,MIA,BOS,28,36
20174,2024,2024-01-25T00:00:00,NY,DEN,30,21
20175,2024,2024-01-25T00:00:00,GS,SAC,33,34
20176,2024,2024-01-25T00:00:00,LAL,CHI,35,33
20162,2024,2024-01-24T00:00:00,DET,CHA,125,118
20163,2024,2024-01-24T00:00:00,WAS,MIN,119,131
20164,2024,2024-01-24T00:00:00,MIA,MEM,107,117
20165,2024,2024-01-24T00:00:00,SA,OKC,127,155
20166,2024,2024-01-24T00:00:00,HOU,POR,145,152
20167,2024,2024-01-24T00:00:00,MIL,CLE,140,129
20168,2024,2024-01-24T00:00:00,DAL,PHO,121,147
20169,2024,2024-01-24T00:00:00,GS,ATL,149,124
20157,2024,2024-01-23T00:00:00,IND,DEN,117,122
20158,2024,2024-01-23T00:00:00,BKN,NY,111,116
20159,2024,2024-01-23T00:00:00,NO,UTA,164,133
20160,2024,2024-01-23T00:00:00,OKC,POR,119,117
20161,2024,2024-01-23T00:00:00,LAC,LAL,136,124
20149,2024,2024-01-22T00:00:00,DET,MIL,108,117
20150,2024,2024-01-22T00:00:00,ORL,CLE,95,121
20151,2024,2024-01-22T00:00:00,PHI,SA,127,118
20152,2024,2024-01-22T00:00:00,TOR,MEM,96,103
20153,2024,2024-01-22T00:00:00,MIN,CHA,120,123
20154,2024,2024-01-22T00:00:00,DAL,BOS,105,114
20155,2024,2024-01-22T00:00:00,PHO,CHI,110,108
20156,2024,2024-01-22T00:00:00,SAC,ATL,117,103
20143,2024,2024-01-21T00:00:00,LAC,BKN,50,46
20144,2024,2024-01-21T00:00:00,ORL,MIA,42,35
20145,2024,2024-01-21T00:00:00,WAS,DEN,42,45
20146,2024,2024-01-21T00:00:00,HOU,BOS,43,47
20147,2024,2024-01-21T00:00:00,PHO,IND,47,44
20148,2024,2024-01-21T00:00:00,LAL,POR,54,44
20135,2024,2024-01-20T00:00:00,DET,MIL,89,93
20136,2024,2024-01-20T00:00:00,CHA,PHI,59,64
20137,2024,2024-01-20T00:00:00,WAS,SA,84,87
20138,2024,2024-01-20T00:00:00,ATL,CLE,63,77
20139,2024,2024-01-20T00:00:00,NY,TOR,83,66
20140,2024,2024-01-20T00:00:00,CHI,MEM,83,64
20141,2024,2024-01-20T00:00:00,HOU,UTA,84,83
20142,2024,2024-01-20T00:00:00,MIN,OKC,64,68
20127,2024,2024-01-19T00:00:00,CHA,SA,100,97
20128,2024,2024-01-19T00:00:00,ORL,PHI,88,100
20129,2024,2024-01-19T00:00:00,BOS,DEN,80,82
20130,2024,2024-01-19T00:00:00,MIA,ATL,87,88
20131,2024,2024-01-19T00:00:00,NO,PHO,88,99
20133,2024,2024-01-19T00:00:00,POR,IND,95,93
20134,2024,2024-01-19T00:00:00,LAL,BKN,90,105
20122,2024,2024-01-18T00:00:00,NY,WAS,29,28
20123,2024,2024-01-18T00:00:00,TOR,CHI,28,30
20124,2024,2024-01-18T00:00:00,UTA,OKC,33,35
20125,2024,2024-01-18T00:00:00,MIN,MEM,30,27
20126,2024,2024-01-18T00:00:00,SAC,IND,31,33
20112,2024,2024-01-17T00:00:00,DET,MIN,173,184
20113,2024,2024-01-17T00:00:00,ATL,ORL,157,154
20114,2024,2024-01-17T00:00:00,BOS,SA,173,145
20115,2024,2024-01-17T00:00:00,CLE,MIL,200,141
20116,2024,2024-01-17T00:00:00,NY,HOU,162,139
20117,2024,2024-01-17T00:00:00,TOR,MIA,179,144
20118,2024,2024-01-17T00:00:00,NO,CHA,196,166
20120,2024,2024-01-17T00:00:00,LAL,DAL,188,163
20121,2024,2024-01-17T00:00:00,POR,BKN,156,153
20109,2024,2024-01-16T00:00:00,PHI,DEN,201,193
20110,2024,2024-01-16T00:00:00,PHO,SAC,190,187
20111,2024,2024-01-16T00:00:00,LAC,OKC,204,187
20098,2024,2024-01-15T00:00:00,PHI,HOU,120,111
20099,2024,2024-01-15T00:00:00,DAL,NO,121,116
20100,2024,2024-01-15T00:00:00,NY,ORL,91,95
20101,2024,2024-01-15T00:00:00,WAS,DET,113,125
20102,2024,2024-01-15T00:00:00,ATL,SA,105,96
20103,2024,2024-01-15T00:00:00,MEM,GS,112,103
20104,2024,2024-01-15T00:00:00,CLE,CHI,105,88
20105,2024,2024-01-15T00:00:00,BKN,MIA,92,93
20106,2024,2024-01-15T00:00:00,TOR,BOS,93,101
20107,2024,2024-01-15T00:00:00,UTA,IND,128,101
20108,2024,2024-01-15T00:00:00,LAL,OKC,108,101
20093,2024,2024-01-14T00:00:00,DEN,IND,46,43
20094,2024,2024-01-14T00:00:00,MIA,CHA,41,34
20095,2024,2024-01-14T00:00:00,MIL,SAC,56,56
20096,2024,2024-01-14T00:00:00,MIN,LAC,43,41
20097,2024,2024-01-14T00:00:00,POR,PHO,46,50
20085,2024,2024-01-13T00:00:00,BOS,HOU,42,33
20086,2024,2024-01-13T00:00:00,ATL,WAS,29,37
20087,2024,2024-01-13T00:00:00,MEM,NY,27,31
20088,2024,2024-01-13T00:00:00,MIL,GS,37,34
20089,2024,2024-01-13T00:00:00,OKC,ORL,32,29
20090,2024,2024-01-13T00:00:00,DAL,NO,31,34
20091,2024,2024-01-13T00:00:00,SA,CHI,34,35
20092,2024,2024-01-13T00:00:00,UTA,LAL,38,36
20075,2024,2024-01-12T00:00:00,PHI,SAC,188,156
20076,2024,2024-01-12T00:00:00,ATL,IND,181,211
20077,2024,2024-01-12T00:00:00,DET,HOU,184,188
20078,2024,2024-01-12T00:00:00,MIA,ORL,166,161
20079,2024,2024-01-12T00:00:00,CHI,GS,219,234
20080,2024,2024-01-12T00:00:00,MEM,LAC,199,214
20081,2024,2024-01-12T00:00:00,MIN,POR,194,156
20082,2024,2024-01-12T00:00:00,DEN,NO,209,189
20083,2024,2024-01-12T00:00:00,UTA,TOR,243,189
20084,2024,2024-01-12T00:00:00,SA,CHA,226,166
20070,2024,2024-01-11T00:00:00,CLE,BKN,132,121
20071,2024,2024-01-11T00:00:00,MIL,BOS,160,121
20072,2024,2024-01-11T00:00:00,OKC,POR,165,91
20073,2024,2024-01-11T00:00:00,DAL,NY,152,147
20074,2024,2024-01-11T00:00:00,LAL,PHO,129,150
20060,2024,2024-01-10T00:00:00,BOS,MIN,175,165
20061,2024,2024-01-10T00:00:00,CHA,SAC,135,169
20062,2024,2024-01-10T00:00:00,DET,SA,149,179
20063,2024,2024-01-10T00:00:00,IND,WAS,154,143
20064,2024,2024-01-10T00:00:00,ATL,PHI,192,182
20065,2024,2024-01-10T00:00:00,MIA,OKC,165,176
20066,2024,2024-01-10T00:00:00,CHI,HOU,171,164
20067,2024,2024-01-10T00:00:00,UTA,DEN,171,153
20068,2024,2024-01-10T00:00:00,GS,NO,145,194
20069,2024,2024-01-10T00:00:00,LAC,TOR,174,165
20055,2024,2024-01-09T00:00:00,DET,SAC,175,208
20056,2024,2024-01-09T00:00:00,ORL,MIN,146,180
20057,2024,2024-01-09T00:00:00,NY,POR,178,133
20058,2024,2024-01-09T00:00:00,DAL,MEM,164,191
20059,2024,2024-01-09T00:00:00,LAL,TOR,210,208
20049,2024,2024-01-08T00:00:00,CHA,CHI,109,116
20050,2024,2024-01-08T00:00:00,IND,BOS,130,128
20051,2024,2024-01-08T00:00:00,WAS,OKC,125,132
20052,2024,2024-01-08T00:00:00,MIA,HOU,117,110
20053,2024,2024-01-08T00:00:00,MIL,UTA,113,129
20054,2024,2024-01-08T00:00:00,LAC,PHO,134,108
20040,2024,2024-01-07T00:00:00,CLE,SA,90,88
20041,2024,2024-01-07T00:00:00,BKN,POR,97,103
20042,2024,2024-01-07T00:00:00,ORL,ATL,90,84
20043,2024,2024-01-07T00:00:00,SAC,NO,77,102
20044,2024,2024-01-07T00:00:00,DAL,MIN,88,83
20045,2024,2024-01-07T00:00:00,DEN,DET,100,87
20046,2024,2024-01-07T00:00:00,PHO,MEM,88,93
20047,2024,2024-01-07T00:00:00,GS,TOR,90,102
20048,2024,2024-01-07T00:00:00,LAL,LAC,81,79
20036,2024,2024-01-06T00:00:00,IND,BOS,89,104
20037,2024,2024-01-06T00:00:00,WAS,NY,92,106
20038,2024,2024-01-06T00:00:00,PHI,UTA,96,106
20039,2024,2024-01-06T00:00:00,HOU,MIL,99,95
20022,2024,2024-01-05T00:00:00,BOS,UTA,212,163
20023,2024,2024-01-05T00:00:00,IND,ATL,252,195
20024,2024,2024-01-05T00:00:00,BKN,OKC,209,194
20025,2024,2024-01-05T00:00:00,CLE,WAS,192,151
20026,2024,2024-01-05T00:00:00,PHI,NY,155,215
20027,2024,2024-01-05T00:00:00,CHI,CHA,175,153
20028,2024,2024-01-05T00:00:00,HOU,MIN,160,205
20029,2024,2024-01-05T00:00:00,NO,LAC,160,187
20030,2024,2024-01-05T00:00:00,DAL,POR,234,173
20031,2024,2024-01-05T00:00:00,DEN,ORL,202,205
20032,2024,2024-01-05T00:00:00,PHO,MIA,190,163
20033,2024,2024-01-05T00:00:00,GS,DET,190,183
20034,2024,2024-01-05T00:00:00,LAL,MEM,190,214
20035,2024,2024-01-05T00:00:00,SAC,TOR,227,219
20020,2024,2024-01-04T00:00:00,SA,MIL,142,147
20021,2024,2024-01-04T00:00:00,GS,DEN,149,153
20008,2024,2024-01-03T00:00:00,CLE,WAS,141,102
20009,2024,2024-01-03T00:00:00,IND,MIL,143,131
20010,2024,2024-01-03T00:00:00,ATL,OKC,142,139
20011,2024,2024-01-03T00:00:00,NY,CHI,117,101
20012,2024,2024-01-03T00:00:00,HOU,BKN,113,102
20013,2024,2024-01-03T00:00:00,MEM,TOR,112,117
20014,2024,2024-01-03T00:00:00,MIN,NO,107,118
20015,2024,2024-01-03T00:00:00,DAL,POR,127,98
20016,2024,2024-01-03T00:00:00,PHO,LAC,123,132
20017,2024,2024-01-03T00:00:00,UTA,DET,155,149
20018,2024,2024-01-03T00:00:00,LAL,MIA,97,111
20019,2024,2024-01-03T00:00:00,SAC,ORL,139,136
20002,2024,2024-01-02T00:00:00,PHI,CHI,98,86
20003,2024,2024-01-02T00:00:00,MEM,SA,94,87
20004,2024,2024-01-02T00:00:00,NO,BKN,100,76
20005,2024,2024-01-02T00:00:00,OKC,BOS,113,110
20006,2024,2024-01-02T00:00:00,GS,ORL,108,102
20007,2024,2024-01-02T00:00:00,SAC,CHA,93,99
19994,2024,2024-01-01T00:00:00,NY,MIN,53,50
19995,2024,2024-01-01T00:00:00,TOR,CLE,58,57
19996,2024,2024-01-01T00:00:00,HOU,DET,64,53
19997,2024,2024-01-01T00:00:00,MIL,IND,53,57
19998,2024,2024-01-01T00:00:00,DEN,CHA,52,44
19999,2024,2024-01-01T00:00:00,PHO,POR,51,41
20000,2024,2024-01-01T00:00:00,UTA,DAL,60,42
20001,2024,2024-01-01T00:00:00,LAC,MIA,57,49
19988,2024,2023-12-31T00:00:00,WAS,ATL,98,101
19989,2024,2023-12-31T00:00:00,NO,LAL,100,85
19990,2024,2023-12-31T00:00:00,OKC,BKN,97,84
19991,2024,2023-12-31T00:00:00,SA,BOS,79,104
19992,2024,2023-12-31T00:00:00,MEM,SAC,72,96
19993,2024,2023-12-31T00:00:00,PHO,ORL,87,83
19982,2024,2023-12-30T00:00:00,UTA,MIA,33,31
19983,2024,2023-12-30T00:00:00,DET,TOR,37,36
19984,2024,2023-12-30T00:00:00,IND,NY,40,36
19985,2024,2023-12-30T00:00:00,CHI,PHI,30,26
19986,2024,2023-12-30T00:00:00,MIN,LAL,31,30
19987,2024,2023-12-30T00:00:00,GS,DAL,35,37
19972,2024,2023-12-29T00:00:00,ORL,NY,138,128
19973,2024,2023-12-29T00:00:00,WAS,BKN,130,123
19974,2024,2023-12-29T00:00:00,ATL,SAC,130,138
19975,2024,2023-12-29T00:00:00,BOS,TOR,142,140
19976,2024,2023-12-29T00:00:00,CLE,MIL,131,141
19977,2024,2023-12-29T00:00:00,HOU,PHI,150,155
19978,2024,2023-12-29T00:00:00,DEN,OKC,110,141
19979,2024,2023-12-29T00:00:00,PHO,CHA,157,141
19980,2024,2023-12-29T00:00:00,POR,SA,159,151
19981,2024,2023-12-29T00:00:00,LAC,MEM,138,125
19964,2024,2023-12-28T00:00:00,BOS,DET,177,168
19965,2024,2023-12-28T00:00:00,CHI,IND,144,166
19966,2024,2023-12-28T00:00:00,MIN,DAL,163,152
19967,2024,2023-12-28T00:00:00,NO,UTA,155,145
19968,2024,2023-12-28T00:00:00,DEN,MEM,196,145
19969,2024,2023-12-28T00:00:00,GS,MIA,141,157
19970,2024,2023-12-28T00:00:00,POR,SA,145,163
19971,2024,2023-12-28T00:00:00,LAL,CHA,184,155
19958,2024,2023-12-27T00:00:00,ORL,PHI,68,83
19959,2024,2023-12-27T00:00:00,WAS,TOR,75,98
19960,2024,2023-12-27T00:00:00,BKN,MIL,90,107
19961,2024,2023-12-27T00:00:00,HOU,PHO,84,95
19962,2024,2023-12-27T00:00:00,OKC,NY,95,89
19963,2024,2023-12-27T00:00:00,DAL,CLE,81,84
19949,2024,2023-12-26T00:00:00,DET,BKN,96,101
19950,2024,2023-12-26T00:00:00,WAS,ORL,102,108
19951,2024,2023-12-26T00:00:00,CHI,ATL,101,97
19952,2024,2023-12-26T00:00:00,HOU,IND,100,105
19953,2024,2023-12-26T00:00:00,NO,MEM,98,99
19954,2024,2023-12-26T00:00:00,OKC,MIN,110,91
19955,2024,2023-12-26T00:00:00,SA,UTA,101,111
19956,2024,2023-12-26T00:00:00,POR,SAC,111,97
19957,2024,2023-12-26T00:00:00,LAC,CHA,97,89
19944,2024,2023-12-25T00:00:00,NY,MIL,220,208
19945,2024,2023-12-25T00:00:00,DEN,GS,205,195
19946,2024,2023-12-25T00:00:00,LAL,BOS,196,215
19947,2024,2023-12-25T00:00:00,MIA,PHI,203,193
19948,2024,2023-12-25T00:00:00,PHO,DAL,195,219
19931,2024,2023-12-23T00:00:00,NY,MIL,157,184
19932,2024,2023-12-23T00:00:00,LAC,BOS,152,205
19933,2024,2023-12-23T00:00:00,CHA,DEN,134,144
19934,2024,2023-12-23T00:00:00,IND,ORL,155,165
19935,2024,2023-12-23T00:00:00,NO,HOU,147,150
19936,2024,2023-12-23T00:00:00,ATL,MEM,168,176
19937,2024,2023-12-23T00:00:00,BKN,DET,178,162
19938,2024,2023-12-23T00:00:00,TOR,UTA,168,178
19939,2024,2023-12-23T00:00:00,CHI,CLE,134,154
19940,2024,2023-12-23T00:00:00,OKC,LAL,169,182
19941,2024,2023-12-23T00:00:00,DAL,SA,203,168
19942,2024,2023-12-23T00:00:00,GS,POR,178,150
19943,2024,2023-12-23T00:00:00,SAC,MIN,138,155
19925,2024,2023-12-22T00:00:00,PHI,TOR,157,144
19926,2024,2023-12-22T00:00:00,BKN,DEN,152,158
19927,2024,2023-12-22T00:00:00,MIA,ATL,158,147
19928,2024,2023-12-22T00:00:00,HOU,DAL,158,125
19929,2024,2023-12-22T00:00:00,GS,WAS,167,153
19930,2024,2023-12-22T00:00:00,SAC,PHO,156,136
19917,2024,2023-12-21T00:00:00,DET,UTA,173,186
19918,2024,2023-12-21T00:00:00,CLE,NO,163,192
19919,2024,2023-12-21T00:00:00,CHI,SA,178,148
19920,2024,2023-12-21T00:00:00,MEM,IND,181,161
19921,2024,2023-12-21T00:00:00,MIL,ORL,184,178
19922,2024,2023-12-21T00:00:00,OKC,LAC,209,180
19923,2024,2023-12-21T00:00:00,MIN,LAL,184,173
19924,2024,2023-12-21T00:00:00,POR,WAS,183,184
19907,2024,2023-12-20T00:00:00,CLE,UTA,124,116
19908,2024,2023-12-20T00:00:00,IND,CHA,144,113
19909,2024,2023-12-20T00:00:00,ORL,MIA,106,115
19910,2024,2023-12-20T00:00:00,PHI,MIN,127,113
19911,2024,2023-12-20T00:00:00,BKN,NY,102,121
19912,2024,2023-12-20T00:00:00,TOR,DEN,104,113
19913,2024,2023-12-20T00:00:00,CHI,LAL,124,108
19914,2024,2023-12-20T00:00:00,HOU,ATL,127,134
19915,2024,2023-12-20T00:00:00,DAL,LAC,111,120
19916,2024,2023-12-20T00:00:00,SAC,BOS,119,144
19903,2024,2023-12-19T00:00:00,NO,MEM,53,54
19904,2024,2023-12-19T00:00:00,MIL,SA,62,56
19905,2024,2023-12-19T00:00:00,GS,BOS,62,59
19906,2024,2023-12-19T00:00:00,POR,PHO,51,49
19892,2024,2023-12-18T00:00:00,CLE,HOU,80,77
19893,2024,2023-12-18T00:00:00,IND,LAC,76,90
19894,2024,2023-12-18T00:00:00,PHI,CHI,62,64
19895,2024,2023-12-18T00:00:00,ATL,DET,77,74
19896,2024,2023-12-18T00:00:00,MIA,MIN,64,67
19897,2024,2023-12-18T00:00:00,TOR,CHA,68,59
19898,2024,2023-12-18T00:00:00,OKC,MEM,69,58
19899,2024,2023-12-18T00:00:00,DEN,DAL,77,62
19900,2024,2023-12-18T00:00:00,UTA,BKN,74,64
19901,2024,2023-12-18T00:00:00,SAC,WAS,85,78
19902,2024,2023-12-18T00:00:00,LAL,NY,65,68
19887,2024,2023-12-17T00:00:00,BOS,ORL,174,148
19888,2024,2023-12-17T00:00:00,SA,NO,168,222
19889,2024,2023-12-17T00:00:00,MIL,HOU,195,181
19890,2024,2023-12-17T00:00:00,PHO,WAS,171,164
19891,2024,2023-12-17T00:00:00,POR,GS,174,180
19877,2024,2023-12-16T00:00:00,MIL,DET,239,187
19878,2024,2023-12-16T00:00:00,CHA,PHI,134,221
19879,2024,2023-12-16T00:00:00,CLE,ATL,208,195
19880,2024,2023-12-16T00:00:00,MIA,CHI,193,190
19881,2024,2023-12-16T00:00:00,MIN,IND,208,179
19882,2024,2023-12-16T00:00:00,GS,BKN,203,197
19883,2024,2023-12-16T00:00:00,DEN,OKC,192,193
19884,2024,2023-12-16T00:00:00,POR,DAL,197,215
19885,2024,2023-12-16T00:00:00,SAC,UTA,205,170
19886,2024,2023-12-16T00:00:00,LAC,NY,236,200
19869,2024,2023-12-15T00:00:00,CHA,NO,99,104
19870,2024,2023-12-15T00:00:00,PHI,DET,115,85
19871,2024,2023-12-15T00:00:00,WAS,IND,127,114
19872,2024,2023-12-15T00:00:00,BOS,ORL,118,103
19873,2024,2023-12-15T00:00:00,TOR,ATL,96,116
19874,2024,2023-12-15T00:00:00,SA,LAL,119,106
19875,2024,2023-12-15T00:00:00,MEM,HOU,89,95
19876,2024,2023-12-15T00:00:00,PHO,NY,113,129
19862,2024,2023-12-14T00:00:00,BOS,CLE,50,47
19863,2024,2023-12-14T00:00:00,MIA,CHI,50,54
19864,2024,2023-12-14T00:00:00,DAL,MIN,44,52
19865,2024,2023-12-14T00:00:00,DEN,BKN,54,44
19866,2024,2023-12-14T00:00:00,POR,UTA,50,53
19867,2024,2023-12-14T00:00:00,SAC,OKC,56,54
19868,2024,2023-12-14T00:00:00,LAC,GS,53,49
19853,2024,2023-12-13T00:00:00,DET,PHI,70,81
19854,2024,2023-12-13T00:00:00,WAS,NO,77,89
19855,2024,2023-12-13T00:00:00,MIA,CHA,72,65
19856,2024,2023-12-13T00:00:00,TOR,ATL,85,80
19857,2024,2023-12-13T00:00:00,HOU,MEM,73,65
19858,2024,2023-12-13T00:00:00,MIL,IND,88,79
19859,2024,2023-12-13T00:00:00,SA,LAL,75,77
19860,2024,2023-12-13T00:00:00,PHO,BKN,70,73
19861,2024,2023-12-13T00:00:00,UTA,NY,73,71
19848,2024,2023-12-12T00:00:00,BOS,CLE,62,58
19849,2024,2023-12-12T00:00:00,DAL,LAL,65,64
19850,2024,2023-12-12T00:00:00,CHI,DEN,54,58
19851,2024,2023-12-12T00:00:00,PHO,GS,61,60
19852,2024,2023-12-12T00:00:00,LAC,SAC,61,51
19835,2024,2023-12-11T00:00:00,CHA,MIA,97,98
19836,2024,2023-12-11T00:00:00,DET,IND,104,111
19837,2024,2023-12-11T00:00:00,ORL,CLE,88,80
19838,2024,2023-12-11T00:00:00,PHI,WAS,124,86
19839,2024,2023-12-11T00:00:00,ATL,DEN,103,109
19840,2024,2023-12-11T00:00:00,NY,TOR,115,110
19841,2024,2023-12-11T00:00:00,HOU,SA,79,69
19842,2024,2023-12-11T00:00:00,MEM,DAL,96,102
19843,2024,2023-12-11T00:00:00,MIL,CHI,113,109
19844,2024,2023-12-11T00:00:00,NO,MIN,102,91
19845,2024,2023-12-11T00:00:00,OKC,UTA,113,102
19846,2024,2023-12-11T00:00:00,SAC,BKN,111,100
19847,2024,2023-12-11T00:00:00,LAC,POR,112,108
20843,2024,2023-12-09T00:00:00,LAL,IND,154,136
20828,2024,2023-12-08T00:00:00,ORL,DET,161,119
20829,2024,2023-12-08T00:00:00,PHI,ATL,164,150
20830,2024,2023-12-08T00:00:00,CHA,TOR,156,152
20831,2024,2023-12-08T00:00:00,BKN,WAS,163,127
20832,2024,2023-12-08T00:00:00,MIA,CLE,130,146
20833,2024,2023-12-08T00:00:00,OKC,GS,181,179
20834,2024,2023-12-08T00:00:00,MEM,MIN,135,167
20835,2024,2023-12-08T00:00:00,SA,CHI,147,159
20836,2024,2023-12-08T00:00:00,DEN,HOU,139,150
20837,2024,2023-12-08T00:00:00,POR,DAL,147,164
20838,2024,2023-12-08T00:00:00,UTA,LAC,135,154
20840,2024,2023-12-08T00:00:00,BOS,NY,175,161
20842,2024,2023-12-08T00:00:00,PHO,SAC,139,150
20839,2024,2023-12-07T00:00:00,MIL,IND,96,103
20841,2024,2023-12-07T00:00:00,LAL,NO,107,72
20817,2024,2023-12-06T00:00:00,CLE,ORL,112,102
20818,2024,2023-12-06T00:00:00,DET,MEM,94,107
20819,2024,2023-12-06T00:00:00,WAS,PHI,116,121
20820,2024,2023-12-06T00:00:00,TOR,MIA,95,103
20821,2024,2023-12-06T00:00:00,ATL,BKN,104,105
20822,2024,2023-12-06T00:00:00,MIN,SA,94,87
20823,2024,2023-12-06T00:00:00,CHI,CHA,102,92
20824,2024,2023-12-06T00:00:00,HOU,OKC,101,93
20825,2024,2023-12-06T00:00:00,DAL,UTA,136,89
20826,2024,2023-12-06T00:00:00,GS,POR,101,98
20827,2024,2023-12-06T00:00:00,LAC,DEN,102,94
20815,2024,2023-12-05T00:00:00,MIL,NY,240,200
20816,2024,2023-12-05T00:00:00,LAL,PHO,174,169
20813,2024,2023-12-04T00:00:00,IND,BOS,149,137
20814,2024,2023-12-04T00:00:00,SAC,NO,143,155
19823,2024,2023-12-02T00:00:00,LAC,GS,139,138
19824,2024,2023-12-02T00:00:00,CHA,MIN,144,151
19825,2024,2023-12-02T00:00:00,BKN,ORL,159,124
19826,2024,2023-12-02T00:00:00,DET,CLE,124,135
19827,2024,2023-12-02T00:00:00,MIA,IND,159,177
19828,2024,2023-12-02T00:00:00,CHI,NO,153,145
19829,2024,2023-12-02T00:00:00,MIL,ATL,162,149
19830,2024,2023-12-02T00:00:00,DAL,OKC,148,155
19831,2024,2023-12-02T00:00:00,PHO,MEM,143,134
19832,2024,2023-12-02T00:00:00,UTA,POR,145,139
19833,2024,2023-12-02T00:00:00,SAC,DEN,151,144
19834,2024,2023-12-02T00:00:00,LAL,HOU,132,119
19817,2024,2023-12-01T00:00:00,ORL,WAS,212,204
19818,2024,2023-12-01T00:00:00,BOS,PHI,204,194
19819,2024,2023-12-01T00:00:00,TOR,NY,173,194
19820,2024,2023-12-01T00:00:00,DAL,MEM,153,176
19821,2024,2023-12-01T00:00:00,NO,SA,197,173
19822,2024,2023-12-01T00:00:00,PHO,DEN,181,194
19808,2024,2023-11-30T00:00:00,CLE,POR,87,94
19809,2024,2023-11-30T00:00:00,BKN,CHA,117,118
19810,2024,2023-11-30T00:00:00,MIA,IND,129,120
19811,2024,2023-11-30T00:00:00,NY,DET,107,102
19812,2024,2023-11-30T00:00:00,CHI,MIL,109,103
19813,2024,2023-11-30T00:00:00,MIN,UTA,92,82
19814,2024,2023-11-30T00:00:00,OKC,LAL,121,100
19815,2024,2023-11-30T00:00:00,SA,ATL,123,125
19816,2024,2023-11-30T00:00:00,GS,LAC,109,104
19801,2024,2023-11-29T00:00:00,DET,LAL,42,52
19802,2024,2023-11-29T00:00:00,ORL,WAS,55,47
19803,2024,2023-11-29T00:00:00,TOR,PHO,44,41
19804,2024,2023-11-29T00:00:00,MEM,UTA,41,36
19805,2024,2023-11-29T00:00:00,NO,PHI,49,45
19806,2024,2023-11-29T00:00:00,DEN,HOU,53,49
19807,2024,2023-11-29T00:00:00,SAC,LAC,46,51
19585,2024,2023-11-28T00:00:00,BOS,CHI,63,49
19586,2024,2023-11-28T00:00:00,BKN,TOR,58,52
19587,2024,2023-11-28T00:00:00,CLE,ATL,65,53
19588,2024,2023-11-28T00:00:00,MIA,MIL,63,67
19589,2024,2023-11-28T00:00:00,NY,CHA,58,46
19590,2024,2023-11-28T00:00:00,MIN,OKC,54,52
19591,2024,2023-11-28T00:00:00,DAL,HOU,61,58
19592,2024,2023-11-28T00:00:00,SAC,GS,63,62
19796,2024,2023-11-27T00:00:00,DET,WAS,130,153
19797,2024,2023-11-27T00:00:00,IND,POR,134,139
19798,2024,2023-11-27T00:00:00,PHI,LAL,168,114
19799,2024,2023-11-27T00:00:00,UTA,NO,139,136
19800,2024,2023-11-27T00:00:00,LAC,DEN,126,137
19782,2024,2023-11-25T00:00:00,OKC,PHI,113,117
19783,2024,2023-11-25T00:00:00,BKN,MIA,103,89
19784,2024,2023-11-25T00:00:00,WAS,ATL,99,125
19785,2024,2023-11-25T00:00:00,CLE,LAL,106,111
19786,2024,2023-11-25T00:00:00,UTA,NO,96,92
19787,2024,2023-11-25T00:00:00,LAC,DAL,98,81
19575,2024,2023-11-24T00:00:00,ORL,BOS,186,158
19576,2024,2023-11-24T00:00:00,MEM,PHO,146,181
19577,2024,2023-11-24T00:00:00,NY,MIA,164,161
19578,2024,2023-11-24T00:00:00,TOR,CHI,199,178
19579,2024,2023-11-24T00:00:00,IND,DET,224,186
19580,2024,2023-11-24T00:00:00,HOU,DEN,173,141
19581,2024,2023-11-24T00:00:00,MIL,WAS,215,210
19582,2024,2023-11-24T00:00:00,MIN,SAC,182,204
19583,2024,2023-11-24T00:00:00,GS,SA,194,184
19584,2024,2023-11-24T00:00:00,LAC,NO,174,191
19768,2024,2023-11-22T00:00:00,CHA,WAS,50,48
19769,2024,2023-11-22T00:00:00,ORL,DEN,53,50
19770,2024,2023-11-22T00:00:00,ATL,BKN,62,61
19771,2024,2023-11-22T00:00:00,BOS,MIL,50,49
19772,2024,2023-11-22T00:00:00,CLE,MIA,41,55
19773,2024,2023-11-22T00:00:00,IND,TOR,56,56
19774,2024,2023-11-22T00:00:00,HOU,MEM,47,39
19775,2024,2023-11-22T00:00:00,MIN,PHI,47,42
19776,2024,2023-11-22T00:00:00,NO,SAC,50,47
19777,2024,2023-11-22T00:00:00,OKC,CHI,49,43
19778,2024,2023-11-22T00:00:00,SA,LAC,43,46
19779,2024,2023-11-22T00:00:00,PHO,GS,52,49
19780,2024,2023-11-22T00:00:00,POR,UTA,51,45
19781,2024,2023-11-22T00:00:00,LAL,DAL,43,44
19570,2024,2023-11-21T00:00:00,ORL,TOR,155,132
19571,2024,2023-11-21T00:00:00,ATL,IND,187,193
19572,2024,2023-11-21T00:00:00,PHI,CLE,147,150
19573,2024,2023-11-21T00:00:00,PHO,POR,148,132
19574,2024,2023-11-21T00:00:00,LAL,UTA,161,122
19760,2024,2023-11-20T00:00:00,CHA,BOS,197,192
19761,2024,2023-11-20T00:00:00,DET,DEN,168,174
19762,2024,2023-11-20T00:00:00,WAS,MIL,210,231
19763,2024,2023-11-20T00:00:00,CHI,MIA,163,192
19764,2024,2023-11-20T00:00:00,MIN,NY,190,163
19765,2024,2023-11-20T00:00:00,NO,SAC,210,151
19766,2024,2023-11-20T00:00:00,SA,LAC,161,202
19767,2024,2023-11-20T00:00:00,GS,HOU,197,189
19751,2024,2023-11-19T00:00:00,BKN,PHI,110,134
19752,2024,2023-11-19T00:00:00,IND,ORL,129,142
19753,2024,2023-11-19T00:00:00,CLE,DEN,134,121
19754,2024,2023-11-19T00:00:00,TOR,DET,157,125
19755,2024,2023-11-19T00:00:00,DAL,SAC,125,143
19756,2024,2023-11-19T00:00:00,MEM,BOS,111,113
19757,2024,2023-11-19T00:00:00,UTA,PHO,152,155
19758,2024,2023-11-19T00:00:00,POR,OKC,101,149
19759,2024,2023-11-19T00:00:00,LAL,HOU,116,115
19745,2024,2023-11-18T00:00:00,CHA,NY,132,149
19746,2024,2023-11-18T00:00:00,NO,MIN,147,148
19747,2024,2023-11-18T00:00:00,CHI,MIA,125,119
19748,2024,2023-11-18T00:00:00,MIL,DAL,162,153
19749,2024,2023-11-18T00:00:00,SA,MEM,132,147
19750,2024,2023-11-18T00:00:00,GS,OKC,151,159
19559,2024,2023-11-17T00:00:00,CHA,MIL,43,56
19560,2024,2023-11-17T00:00:00,WAS,NY,43,52
19561,2024,2023-11-17T00:00:00,ATL,PHI,50,54
19562,2024,2023-11-17T00:00:00,CLE,DET,47,43
19563,2024,2023-11-17T00:00:00,TOR,BOS,45,47
19564,2024,2023-11-17T00:00:00,SA,SAC,52,56
19565,2024,2023-11-17T00:00:00,CHI,ORL,42,44
19566,2024,2023-11-17T00:00:00,NO,DEN,50,48
19567,2024,2023-11-17T00:00:00,UTA,PHO,55,57
19568,2024,2023-11-17T00:00:00,POR,LAL,41,46
19569,2024,2023-11-17T00:00:00,LAC,HOU,46,43
19743,2024,2023-11-16T00:00:00,MIA,BKN,77,73
19744,2024,2023-11-16T00:00:00,GS,OKC,69,81
19735,2024,2023-11-15T00:00:00,WAS,DAL,191,213
19736,2024,2023-11-15T00:00:00,ATL,NY,187,190
19737,2024,2023-11-15T00:00:00,PHI,BOS,175,191
19738,2024,2023-11-15T00:00:00,TOR,MIL,183,209
19739,2024,2023-11-15T00:00:00,CHI,ORL,154,157
19740,2024,2023-11-15T00:00:00,PHO,MIN,218,188
19741,2024,2023-11-15T00:00:00,LAL,SAC,180,204
19742,2024,2023-11-15T00:00:00,POR,CLE,155,178
19549,2024,2023-11-14T00:00:00,CHA,MIA,97,103
19550,2024,2023-11-14T00:00:00,DET,ATL,111,117
19551,2024,2023-11-14T00:00:00,PHI,IND,117,122
19552,2024,2023-11-14T00:00:00,BKN,ORL,115,96
19553,2024,2023-11-14T00:00:00,OKC,SA,114,81
19554,2024,2023-11-14T00:00:00,NO,DAL,121,102
19555,2024,2023-11-14T00:00:00,UTA,POR,107,92
19556,2024,2023-11-14T00:00:00,DEN,LAC,103,100
19557,2024,2023-11-14T00:00:00,GS,MIN,94,96
19558,2024,2023-11-14T00:00:00,LAL,MEM,124,99
19731,2024,2023-11-13T00:00:00,BOS,NY,196,168
19732,2024,2023-11-13T00:00:00,TOR,WAS,191,184
19733,2024,2023-11-13T00:00:00,MIL,CHI,203,187
19734,2024,2023-11-13T00:00:00,SAC,CLE,227,206
19720,2024,2023-11-12T00:00:00,NY,CHA,147,122
19721,2024,2023-11-12T00:00:00,BKN,WAS,116,107
19722,2024,2023-11-12T00:00:00,LAC,MEM,115,120
19723,2024,2023-11-12T00:00:00,PHI,IND,156,144
19724,2024,2023-11-12T00:00:00,CHI,DET,136,123
19725,2024,2023-11-12T00:00:00,HOU,DEN,122,119
19726,2024,2023-11-12T00:00:00,NO,DAL,141,155
19727,2024,2023-11-12T00:00:00,SA,MIA,129,135
19728,2024,2023-11-12T00:00:00,PHO,OKC,113,127
19729,2024,2023-11-12T00:00:00,GS,MIN,126,132
19730,2024,2023-11-12T00:00:00,LAL,POR,132,126
19716,2024,2023-11-11T00:00:00,ORL,MIL,58,50
19717,2024,2023-11-11T00:00:00,BOS,TOR,60,49
19718,2024,2023-11-11T00:00:00,ATL,MIA,56,60
19719,2024,2023-11-11T00:00:00,GS,CLE,57,61
19540,2024,2023-11-10T00:00:00,DET,PHI,89,96
19541,2024,2023-11-10T00:00:00,WAS,CHA,99,105
19542,2024,2023-11-10T00:00:00,BOS,BKN,102,90
19543,2024,2023-11-10T00:00:00,HOU,NO,88,85
19544,2024,2023-11-10T00:00:00,MEM,UTA,102,107
19545,2024,2023-11-10T00:00:00,SA,MIN,93,99
19546,2024,2023-11-10T00:00:00,DAL,LAC,122,106
19547,2024,2023-11-10T00:00:00,PHO,LAL,100,103
19548,2024,2023-11-10T00:00:00,SAC,OKC,89,83
19714,2024,2023-11-09T00:00:00,IND,MIL,41,40
19715,2024,2023-11-09T00:00:00,ORL,ATL,39,39
19700,2024,2023-11-08T00:00:00,CHA,WAS,51,58
19701,2024,2023-11-08T00:00:00,IND,UTA,59,52
19702,2024,2023-11-08T00:00:00,PHI,BOS,47,45
19703,2024,2023-11-08T00:00:00,BKN,LAC,44,41
19704,2024,2023-11-08T00:00:00,NY,SA,55,46
19705,2024,2023-11-08T00:00:00,CHI,PHO,51,51
19706,2024,2023-11-08T00:00:00,HOU,LAL,56,41
19707,2024,2023-11-08T00:00:00,MEM,MIA,45,48
19708,2024,2023-11-08T00:00:00,MIL,DET,53,52
19709,2024,2023-11-08T00:00:00,MIN,NO,54,44
19710,2024,2023-11-08T00:00:00,OKC,CLE,56,53
19711,2024,2023-11-08T00:00:00,DAL,TOR,51,56
19712,2024,2023-11-08T00:00:00,DEN,GS,48,46
19713,2024,2023-11-08T00:00:00,SAC,POR,53,52
19688,2024,2023-11-06T00:00:00,DET,GS,154,170
19689,2024,2023-11-06T00:00:00,IND,SA,215,157
19690,2024,2023-11-06T00:00:00,ORL,DAL,144,165
19691,2024,2023-11-06T00:00:00,PHI,WAS,206,181
19692,2024,2023-11-06T00:00:00,BKN,MIL,177,182
19693,2024,2023-11-06T00:00:00,MIA,LAL,153,151
19694,2024,2023-11-06T00:00:00,NY,LAC,157,137
19695,2024,2023-11-06T00:00:00,CHI,UTA,184,160
19696,2024,2023-11-06T00:00:00,HOU,SAC,173,137
19697,2024,2023-11-06T00:00:00,MIN,BOS,161,154
19698,2024,2023-11-06T00:00:00,OKC,ATL,178,165
19699,2024,2023-11-06T00:00:00,DEN,NO,189,164
19683,2024,2023-11-05T00:00:00,DET,PHO,90,102
19684,2024,2023-11-05T00:00:00,SA,TOR,99,105
19685,2024,2023-11-05T00:00:00,CLE,GS,98,89
19686,2024,2023-11-05T00:00:00,DAL,CHA,106,101
19687,2024,2023-11-05T00:00:00,POR,MEM,85,95
19675,2024,2023-11-04T00:00:00,PHI,PHO,192,171
19676,2024,2023-11-04T00:00:00,IND,CHA,212,214
19677,2024,2023-11-04T00:00:00,ORL,LAL,205,173
19678,2024,2023-11-04T00:00:00,NO,ATL,180,210
19679,2024,2023-11-04T00:00:00,BKN,BOS,195,212
19680,2024,2023-11-04T00:00:00,HOU,SAC,183,152
19681,2024,2023-11-04T00:00:00,MIN,UTA,210,163
19682,2024,2023-11-04T00:00:00,DEN,CHI,210,173
19533,2024,2023-11-03T00:00:00,IND,CLE,121,116
19534,2024,2023-11-03T00:00:00,MIL,NY,110,105
19535,2024,2023-11-03T00:00:00,MIA,WAS,121,114
19536,2024,2023-11-03T00:00:00,CHI,BKN,107,109
19537,2024,2023-11-03T00:00:00,OKC,GS,139,141
19538,2024,2023-11-03T00:00:00,DEN,DAL,125,114
19539,2024,2023-11-03T00:00:00,POR,MEM,115,113
19671,2024,2023-11-02T00:00:00,PHI,TOR,41,35
19672,2024,2023-11-02T00:00:00,NO,DET,45,41
19673,2024,2023-11-02T00:00:00,UTA,ORL,40,41
19674,2024,2023-11-02T00:00:00,PHO,SA,43,47
19658,2024,2023-11-01T00:00:00,DET,POR,131,143
19659,2024,2023-11-01T00:00:00,TOR,MIL,169,144
19660,2024,2023-11-01T00:00:00,ATL,WAS,169,157
19661,2024,2023-11-01T00:00:00,BOS,IND,201,135
19662,2024,2023-11-01T00:00:00,MIA,BKN,136,142
19663,2024,2023-11-01T00:00:00,NY,CLE,116,123
19664,2024,2023-11-01T00:00:00,OKC,NO,138,143
19665,2024,2023-11-01T00:00:00,HOU,CHA,166,155
19666,2024,2023-11-01T00:00:00,MIN,DEN,143,116
19667,2024,2023-11-01T00:00:00,DAL,CHI,148,136
19668,2024,2023-11-01T00:00:00,UTA,MEM,173,142
19669,2024,2023-11-01T00:00:00,GS,SAC,132,131
19670,2024,2023-11-01T00:00:00,LAL,LAC,169,162
19655,2024,2023-10-31T00:00:00,CLE,NY,74,88
19656,2024,2023-10-31T00:00:00,PHO,SA,92,93
19657,2024,2023-10-31T00:00:00,LAC,ORL,96,83
19644,2024,2023-10-30T00:00:00,CHA,BKN,31,34
19645,2024,2023-10-30T00:00:00,IND,CHI,27,28
19646,2024,2023-10-30T00:00:00,WAS,BOS,27,32
19647,2024,2023-10-30T00:00:00,ATL,MIN,32,29
19648,2024,2023-10-30T00:00:00,TOR,POR,23,25
19649,2024,2023-10-30T00:00:00,MEM,DAL,28,32
19650,2024,2023-10-30T00:00:00,MIL,MIA,31,29
19651,2024,2023-10-30T00:00:00,NO,GS,26,33
19652,2024,2023-10-30T00:00:00,OKC,DET,31,28
19653,2024,2023-10-30T00:00:00,DEN,UTA,28,26
19654,2024,2023-10-30T00:00:00,LAL,ORL,27,26
19638,2024,2023-10-29T00:00:00,OKC,DEN,115,155
19639,2024,2023-10-29T00:00:00,HOU,GS,115,129
19640,2024,2023-10-29T00:00:00,MIL,ATL,134,154
19641,2024,2023-10-29T00:00:00,PHI,POR,153,119
19642,2024,2023-10-29T00:00:00,LAC,SA,149,101
19643,2024,2023-10-29T00:00:00,SAC,LAL,160,154
19631,2024,2023-10-28T00:00:00,DET,CHI,157,136
19632,2024,2023-10-28T00:00:00,WAS,MEM,150,141
19633,2024,2023-10-28T00:00:00,NO,NY,128,116
19634,2024,2023-10-28T00:00:00,CLE,IND,150,166
19635,2024,2023-10-28T00:00:00,TOR,PHI,142,152
19636,2024,2023-10-28T00:00:00,MIN,MIA,141,120
19637,2024,2023-10-28T00:00:00,PHO,UTA,167,138
19609,2024,2023-10-27T00:00:00,CHA,DET,91,102
19611,2024,2023-10-27T00:00:00,MEM,DEN,95,99
19613,2024,2023-10-27T00:00:00,ATL,NY,110,116
19616,2024,2023-10-27T00:00:00,BOS,MIA,109,102
19618,2024,2023-10-27T00:00:00,CLE,OKC,96,99
19620,2024,2023-10-27T00:00:00,CHI,TOR,95,94
19622,2024,2023-10-27T00:00:00,SA,HOU,116,112
19624,2024,2023-10-27T00:00:00,DAL,BKN,115,110
19626,2024,2023-10-27T00:00:00,UTA,LAC,110,108
19628,2024,2023-10-27T00:00:00,POR,ORL,89,94
19630,2024,2023-10-27T00:00:00,SAC,GS,105,112
19607,2024,2023-10-26T00:00:00,MIL,PHI,194,193
19608,2024,2023-10-26T00:00:00,LAL,PHO,165,156
19595,2024,2023-10-25T00:00:00,CHA,ATL,65,61
19596,2024,2023-10-25T00:00:00,IND,WAS,80,67
19597,2024,2023-10-25T00:00:00,NY,BOS,58,60
19598,2024,2023-10-25T00:00:00,ORL,HOU,65,48
19599,2024,2023-10-25T00:00:00,BKN,CLE,63,63
19600,2024,2023-10-25T00:00:00,MIA,DET,57,57
19601,2024,2023-10-25T00:00:00,TOR,MIN,54,52
19602,2024,2023-10-25T00:00:00,CHI,OKC,58,69
19603,2024,2023-10-25T00:00:00,MEM,NO,58,62
19604,2024,2023-10-25T00:00:00,UTA,SAC,63,72
19605,2024,2023-10-25T00:00:00,SA,DAL,66,70
19606,2024,2023-10-25T00:00:00,LAC,POR,69,62
19593,2024,2023-10-24T00:00:00,DEN,LAL,53,47
19594,2024,2023-10-24T00:00:00,GS,PHO,46,48
20803,2024,2023-10-20T00:00:00,IND,CLE,106,101
20804,2024,2023-10-20T00:00:00,PHI,ATL,116,103
20805,2024,2023-10-20T00:00:00,TOR,WAS,130,95
20806,2024,2023-10-20T00:00:00,HOU,MIA,107,101
20807,2024,2023-10-20T00:00:00,MIL,MEM,120,112
20808,2024,2023-10-20T00:00:00,GS,SA,113,118
20812,2024,2023-10-20T00:00:00,DAL,DET,110,101
20797,2024,2023-10-19T00:00:00,CHA,BOS,49,63
20798,2024,2023-10-19T00:00:00,CHI,MIN,52,57
20799,2024,2023-10-19T00:00:00,OKC,DET,58,59
20800,2024,2023-10-19T00:00:00,LAC,DEN,45,51
20801,2024,2023-10-19T00:00:00,LAL,PHO,50,61
20802,2024,2023-10-19T00:00:00,SAC,UTA,58,56
20793,2024,2023-10-18T00:00:00,MIA,BKN,64,66
20794,2024,2023-10-18T00:00:00,NY,WAS,65,80
20795,2024,2023-10-18T00:00:00,SA,HOU,72,63
20796,2024,2023-10-18T00:00:00,GS,SAC,71,70
20788,2024,2023-10-17T00:00:00,ORL,NO,156,177
20789,2024,2023-10-17T00:00:00,BOS,NY,209,187
20790,2024,2023-10-17T00:00:00,CHI,TOR,174,180
20791,2024,2023-10-17T00:00:00,OKC,MIL,211,172
20792,2024,2023-10-17T00:00:00,LAC,DEN,197,175
20784,2024,2023-10-16T00:00:00,IND,ATL,100,97
20785,2024,2023-10-16T00:00:00,BKN,PHI,103,109
20786,2024,2023-10-16T00:00:00,SA,HOU,77,85
20787,2024,2023-10-16T00:00:00,PHO,POR,101,91
20779,2024,2023-10-15T00:00:00,CHA,OKC,149,147
20780,2024,2023-10-15T00:00:00,MIA,MEM,168,158
20781,2024,2023-10-15T00:00:00,LAL,MIL,124,138
20782,2024,2023-10-15T00:00:00,DEN,CHI,148,130
20783,2024,2023-10-15T00:00:00,SAC,GS,147,154
20776,2024,2023-10-14T00:00:00,ATL,NO,127,122
20777,2024,2023-10-14T00:00:00,NY,MIN,130,140
20778,2024,2023-10-14T00:00:00,UTA,POR,160,154
20774,2024,2023-10-13T00:00:00,SA,MIA,188,163
20775,2024,2023-10-13T00:00:00,LAL,GS,196,203
20767,2024,2023-10-12T00:00:00,CLE,ORL,135,139
20768,2024,2023-10-12T00:00:00,WAS,CHA,126,119
20769,2024,2023-10-12T00:00:00,ATL,MEM,133,131
20770,2024,2023-10-12T00:00:00,NO,HOU,112,155
20771,2024,2023-10-12T00:00:00,CHI,DEN,171,160
20772,2024,2023-10-12T00:00:00,POR,PHO,143,157
20811,2024,2023-10-12T00:00:00,OKC,DET,161,165
20765,2024,2023-10-11T00:00:00,PHI,BOS,89,98
20766,2024,2023-10-11T00:00:00,LAL,SAC,96,89
20757,2024,2023-10-10T00:00:00,ATL,CLE,182,180
20758,2024,2023-10-10T00:00:00,MIA,CHA,190,184
20759,2024,2023-10-10T00:00:00,NO,ORL,177,206
20760,2024,2023-10-10T00:00:00,HOU,IND,206,174
20761,2024,2023-10-10T00:00:00,MEM,MIL,182,172
20762,2024,2023-10-10T00:00:00,LAC,UTA,174,165
20763,2024,2023-10-10T00:00:00,PHO,DEN,180,194
20754,2024,2023-10-09T00:00:00,NY,BOS,146,137
20755,2024,2023-10-09T00:00:00,OKC,SA,156,155
20756,2024,2023-10-09T00:00:00,LAL,BKN,165,161
20748,2024,2023-10-08T00:00:00,MIL,CHI,147,142
20749,2024,2023-10-08T00:00:00,DET,PHO,176,181
20750,2024,2023-10-08T00:00:00,BOS,PHI,159,148
20751,2024,2023-10-08T00:00:00,TOR,SAC,156,138
20752,2024,2023-10-08T00:00:00,MEM,IND,177,170
20753,2024,2023-10-08T00:00:00,LAC,UTA,134,141
20747,2024,2023-10-07T00:00:00,GS,LAL,123,106
20810,2024,2023-10-07T00:00:00,DAL,MIN,95,102
20809,2024,2023-10-05T00:00:00,MIN,DAL,54,49
